"baitName","oeName"
"RP11-54O7.16;RP11-54O7.1","AL645608.1;RP11-54O7.3;SAMD11"
"RP11-54O7.16;RP11-54O7.1","KLHL17;NOC2L;PLEKHN1"
"RP11-54O7.16;RP11-54O7.1","C1orf170;PLEKHN1"
"RP11-54O7.16;RP11-54O7.1","RP5-902P8.10;UBE2J2"
"RP11-54O7.16;RP11-54O7.1","ACAP3;CPSF3L;GLTPD1;PUSL1;RP5-890O3.9;TAS1R3"
"C1orf159","RP11-54O7.2"
"C1orf159","AL645608.1;RP11-54O7.3;SAMD11"
"C1orf159","KLHL17;NOC2L;PLEKHN1"
"C1orf159","C1orf170;PLEKHN1"
"C1orf159","MIR200A;MIR200B;MIR429;RP11-465B22.8"
"C1orf159","TTLL10"
"C1orf159","TTLL10-AS1;TTLL10"
"C1orf159","RP5-902P8.10;UBE2J2"
"C1orf159","ACAP3;CPSF3L;GLTPD1;PUSL1;RP5-890O3.9;TAS1R3"
"C1orf159","DVL1;MXRA8"
"C1orf159","AURKAIP1"
"C1orf159","RP4-758J18.10;VWA1"
"C1orf159","MIB2;RP11-345P4.9"
"C1orf159","CDK11A;RP1-283E3.4;RP1-283E3.8;SLC35E2"
"RP5-1092A11.2;TP73","MEGF6"
"PER3","RP5-892F13.2;TNFRSF9"
"PER3","C1orf109;CDCA8"
"AGTRAP","TARDBP"
"AGTRAP","SRM"
"AGTRAP","EXOSC10;RP4-635E18.6"
"AGTRAP","MTOR-AS1;MTOR"
"AGTRAP","RNU6-537P"
"AGTRAP","RNU6-291P"
"AGTRAP","MTOR"
"AGTRAP","FBXO2;FBXO44"
"AGTRAP","FBXO6"
"RP11-84D1.1;RUNX3","RP4-706G24.1"
"PTP4A2","BAI2"
"PTP4A2","RP11-84A19.3"
NA,"CCDC28B"
NA,"IQCC;RP4-622L5.7"
NA,"DCDC2B;EIF3I;RP4-622L5.7;TMEM234"
NA,"FAM167B"
NA,"LCK"
NA,"HDAC1;MARCKSL1"
"MUTYH;TOE1","C1orf228;TMEM53"
"MUTYH;TOE1","RNU5F-1"
"MUTYH;TOE1","RNU5D-1"
"MUTYH;TOE1","KIF2C"
"MUTYH;TOE1","RP11-269F19.2;RPS8;SNORD55"
"MUTYH;TOE1","RPS8;SNORD38A;SNORD46"
"MUTYH;TOE1","RPS15AP11;SNORD38B"
"MUTYH;TOE1","BEST4"
"MUTYH;TOE1","BTBD19;PLK3;TCTEX1D4"
"MUTYH;TOE1","BTBD19;PTCH2;RNU5E-6P"
"MUTYH;TOE1","PTCH2;RP5-882O7.1"
"MUTYH;TOE1","EIF2B3;RP5-882O7.4"
"MUTYH;TOE1","HECTD3;UROD"
"MUTYH;TOE1","TESK2"
"MUTYH;TOE1","CCDC163P;MMACHC"
"MUTYH;TOE1","AKR1A1"
"GFI1","CDC7"
"GFI1","EPHX4"
"GFI1","BTBD8"
"GFI1","GLMN;RPAP2"
"GFI1","RPL5;SNORA66;SNORD21"
"HENMT1","C1orf194;KIAA1324"
"CHI3L2;DENND2D","KCNA2"
"CHI3L2;DENND2D","KCNA3"
"CHI3L2;DENND2D","CD53"
"CHI3L2;DENND2D","RP5-1125M8.2;RP5-1125M8.3"
"CHI3L2;DENND2D","PIFO"
"CHI3L2;DENND2D","OVGP1"
"CHI3L2;DENND2D","ATP5F1;WDR77"
"CHI3L2;DENND2D","C1orf162"
"CHI3L2;DENND2D","DDX20;FAM212B"
"CD58","SLC22A15"
"CD58","ATP1A1"
"CD58","MIR320B1"
"CD58","AL157904.1"
"CD58","PTGFRN;RP4-753F5.1"
"CD58","CD101"
"CD58","RP11-27K13.3"
"CD58","TTF2"
"CD58","MIR942;TTF2"
"CD58","TRIM45"
"CD101","CD58"
"CD101","CD2"
"PGLYRP4","S100A2"
"PGLYRP4","S100A14;S100A16"
"PGLYRP4","snoU13"
"BX470102.3;S100A3;S100A4;S100A5;S100A6","PGLYRP4"
"BX470102.3;S100A3;S100A4;S100A5;S100A6","S100A9"
"BX470102.3;S100A3;S100A4;S100A5;S100A6","S100A2"
"BX470102.3;S100A3;S100A4;S100A5;S100A6","INTS3;RP11-216N14.8;RP11-216N14.9"
"BX470102.3;S100A3;S100A4;S100A5;S100A6","snoU13"
"BX470102.3;S100A3;S100A4;S100A5;S100A6","CREB3L4;RP11-422P24.10;SLC39A1"
"BX470102.3;S100A3;S100A4;S100A5;S100A6","RAB13;RP11-422P24.9;RPS27;U3"
"SLC27A3","RNU6-160P"
"SLC27A3","PGLYRP4"
"SLC27A3","S100A9"
"SLC27A3","S100A12"
"SLC27A3","S100A14;S100A16"
"SLC27A3","CHTOP;RP1-178F15.4;RP1-178F15.5;S100A13;S100A1"
"SLC27A3","SNAPIN"
"SLC27A3","ILF2"
"SLC27A3","NPR1"
"SLC27A3","INTS3;RP11-216N14.8;RP11-216N14.9"
"SLC27A3","snoU13"
"SLC27A3","GATAD2B"
"SLC27A3","DENND4B"
"SLC27A3","CRTC2"
"SLC27A3","CREB3L4;RP11-422P24.10;SLC39A1"
"SLC27A3","CREB3L4;JTB;RP11-422P24.11"
"SLC27A3","RAB13;RP11-422P24.9;RPS27;U3"
"SLC27A3","MIR190B;TPM3"
"SLC27A3","C1orf189"
"SLC27A3","AL590431.1;UBAP2L"
"SLC27A3","SNORA58;UBAP2L"
"BGLAP","SEMA4A"
"SLAMF6","COPA;NCSTN"
"SLAMF6","VANGL2"
"SLAMF6","RP11-404F10.2"
"SLAMF6","CD48"
"AKR1D1P1;CD247","TADA1"
"AKR1D1P1;CD247","ILDR2"
"AKR1D1P1;CD247","snoU13"
"AKR1D1P1;CD247","RP11-102C16.3"
"AKR1D1P1;CD247","GPA33"
"AKR1D1P1;CD247","DUSP27"
"AKR1D1P1;CD247","POU2F1;RP11-277B15.3"
"AKR1D1P1;CD247","MPZL1"
"IER5","ACBD6"
"IER5","KIAA1614;RP11-46A10.2"
"IER5","CACNA1E"
"NCF2","DHX9"
"NCF2","LAMC1"
"NCF2","SMG7-AS1;SMG7"
"FMOD;RP11-435P24.2","PRELP"
"FMOD;RP11-435P24.2","OPTC"
"FAIM3;PIGR","IKBKE"
"FAIM3;PIGR","RASSF5"
"FAIM3;PIGR","EIF2D"
"FAIM3;PIGR","DYRK3;RP11-343H5.6"
"FAIM3;PIGR","MAPKAPK2;SNORD112"
"FAIM3;PIGR","IL10"
"FAIM3;PIGR","IL19"
"FAIM3;PIGR","IL20"
"FAIM3;PIGR","CD55"
"C4BPB","CD55"
"C4BPB","CR2"
"C4BPB","CR1"
"LEFTY2;PYCR2;RP4-559A3.6;RP4-559A3.7","AC092811.1;LBR"
"LEFTY2;PYCR2;RP4-559A3.6;RP4-559A3.7","LBR"
"C1orf35;MIR3620","MIA3"
"C1orf35;MIR3620","AC092811.1;LBR"
"C1orf35;MIR3620","SDE2"
"C1orf35;MIR3620","PARP1;RP11-118H4.3"
"C1orf35;MIR3620","ITPKB-AS1"
"C1orf35;MIR3620","RNA5SP77;ZNF678"
"C1orf35;MIR3620","WNT3A"
"C1orf35;MIR3620","FAM96AP2;MRPL55"
"C1orf35;MIR3620","C1orf145"
"C1orf35;MIR3620","RP11-245P10.4;TRIM11"
"C1orf35;MIR3620","HIST3H3"
"C1orf35;MIR3620","HIST3H2A;HIST3H2BB;RP5-915N17.3"
"C1orf35;MIR3620","RNF187"
"C1orf35;MIR3620","TMEM78"
"C1orf35;MIR3620","RAB4A;RP5-1061H20.3;RP5-1061H20.4"
"C1orf35;MIR3620","CCSAP"
"C1orf35;MIR3620","ABCB10"
"GJC2;GUK1;IBA57-AS1;IBA57","RP11-378J18.3;TAF1A"
"GJC2;GUK1;IBA57-AS1;IBA57","FAM177B"
"GJC2;GUK1;IBA57-AS1;IBA57","AC092811.1;LBR"
"GJC2;GUK1;IBA57-AS1;IBA57","PARP1;RP11-118H4.3"
"GJC2;GUK1;IBA57-AS1;IBA57","RNA5SP77;ZNF678"
"GJC2;GUK1;IBA57-AS1;IBA57","ARF1"
"GJC2;GUK1;IBA57-AS1;IBA57","C1orf145"
"GJC2;GUK1;IBA57-AS1;IBA57","RP11-245P10.4;TRIM11"
"GJC2;GUK1;IBA57-AS1;IBA57","HIST3H3"
"GJC2;GUK1;IBA57-AS1;IBA57","HIST3H2A;HIST3H2BB;RP5-915N17.3"
"GJC2;GUK1;IBA57-AS1;IBA57","RNF187"
"GJC2;GUK1;IBA57-AS1;IBA57","RAB4A;RP5-1061H20.3;RP5-1061H20.4"
"GJC2;GUK1;IBA57-AS1;IBA57","CCSAP"
"GJC2;GUK1;IBA57-AS1;IBA57","ABCB10"
"GJC2;GUK1;IBA57-AS1;IBA57","COG2"
"GJC2;GUK1;IBA57-AS1;IBA57","CHML"
"DISC1","EXOC8;SPRTN"
"DISC1","EGLN1"
"CNST;TFB2M","RFWD2;RP11-195C7.1"
"CNST;TFB2M","ADSS;C1orf101"
"CNST;TFB2M","DESI2"
"CNST;TFB2M","RNU6-947P"
"CNST;TFB2M","KIF26B"
"CNST;TFB2M","SCCPDH"
"CNST;TFB2M","AHCTF1"
"CNST;TFB2M","ZNF669"
"CNST;TFB2M","ZNF496"
"ZNF496","KIF28P;RP11-439E19.3"
"ZNF496","AHCTF1"
"ZNF496","ZNF669"
"VIM-AS1;VIM","FAM188A"
"VIM-AS1;VIM","snoU13"
"VIM-AS1;VIM","PTER"
"VIM-AS1;VIM","RSU1"
"VIM-AS1;VIM","CUBN"
"VIM-AS1;VIM","TRDMT1"
"VIM-AS1;VIM","RP11-124N14.3;VIM"
"VIM-AS1;VIM","RP11-390B4.5;STAM"
"VIM-AS1;VIM","NSUN6"
"VIM-AS1;VIM","ARL5B-AS1;ARL5B"
"C10orf54","SLC29A3"
"C10orf54","snoU13"
"ANXA11;LINC00857","POLR3A;RPS24"
"ANXA11;LINC00857","PPIF"
"ANXA11;LINC00857","SFTPA2"
"ANXA11;LINC00857","TMEM254-AS1;TMEM254"
"ANXA11;LINC00857","RP11-137H2.4;SH2D4B"
"AL355490.1;PGAM1;Y_RNA","ARHGAP19;ARHGAP19-SLIT1"
"AL355490.1;PGAM1;Y_RNA","FRAT1"
"AL355490.1;PGAM1;Y_RNA","FRAT1;FRAT2;RP11-452K12.4"
"AL355490.1;PGAM1;Y_RNA","MMS19;UBTD1"
"AL355490.1;PGAM1;Y_RNA","AVPI1"
"FAM160B1","NRAP"
"FAM160B1","PLEKHS1"
"FAM160B1","DCLRE1A;NHLRC2"
"FAM160B1","ADRB1"
"FAM160B1","RNU6-709P"
"FAM160B1","C10orf118;MIR2110"
"FAM160B1","TDRD1"
"FAM160B1","VWA2"
"FAM160B1","ABLIM1;snoU13"
"FAM160B1","ABLIM1"
"FAM160B1","TRUB1"
"FAM160B1","ATRNL1"
"CTBP2","ACADSB;IKZF5"
"CTBP2","EDRF1;RP11-383C5.4;RP11-383C5.5"
"CTBP2","BCCIP"
"ANO9;PKP3;SIGIRR","BET1L;RIC8A"
"RNH1","BET1L;RIC8A"
"RNH1","PSMD13;SIRT3"
"CDHR5;SCT","RP11-754B17.1"
"CDHR5;SCT","CEND1;PIDD;SLC25A22"
"MRGPRG-AS1;MRGPRG","SNORA54"
"MRGPRG-AS1;MRGPRG","NAP1L4"
"MRGPRG-AS1;MRGPRG","RNU1-91P"
"LDHA;MIR3159","RNU7-49P"
"LDHA;MIR3159","GTF2H1;HPS5"
"LDHA;MIR3159","TSG101"
"LDHA;MIR3159","SPTY2D1"
"LDHA;MIR3159","RP11-1081L13.4"
"LDHA;MIR3159","IGSF22;PTPN5"
"AC103828.1","NUP160"
"AC103828.1","PTPRJ"
"AHNAK;RP11-864I4.3","ASRGL1;CTD-2531D15.5;SCGB1A1"
"AHNAK;RP11-864I4.3","CTD-2531D15.4"
"AHNAK;RP11-864I4.3","AHNAK"
"AHNAK;RP11-864I4.3","RNU2-2P;WDR74"
"AHNAK;RP11-864I4.3","SNHG1"
"AHNAK;RP11-864I4.3","SLC3A2;SNHG1"
"C11orf80;RN7SL12P;SPTBN2","RP11-867G23.10"
"ALDH3B1;UNC93B1","SUV420H1"
"FUT4;PIWIL4","MED17;TAF1D"
"FUT4;PIWIL4","CCDC82;JRKL"
"HTR3A","NNMT"
"CLMP;HSPA8","snoU13"
"CLMP;HSPA8","CRTAM"
"CLMP;HSPA8","C11orf63"
"CLMP;HSPA8","SNORD14E"
"CLMP;HSPA8","HSPA8;SNORD14D"
"DCPS;RP11-712L6.5","DDX25;PUS3"
"DCPS;RP11-712L6.5","FAM118B;RP11-50B3.4;RPUSD4"
"DCPS;RP11-712L6.5","RNU4-86P"
"DCPS;RP11-712L6.5","ST3GAL4"
"DCPS;RP11-712L6.5","RP11-688I9.2"
"DCPS;RP11-712L6.5","RP11-1007G5.2"
"DCPS;RP11-712L6.5","NCAPD3;VPS26B"
"CHD4;LPAR5","IFFO1"
"CHD4;LPAR5","CHD4;NOP2"
"CHD4;LPAR5","CHD4;RP5-940J5.6;SCARNA11"
"CHD4;LPAR5","ACRBP"
"CHD4;LPAR5","ACRBP;ING4"
"CHD4;LPAR5","ING4;RP4-761J14.8"
"CHD4;LPAR5","ZNF384"
"CHD4;LPAR5","PIANP"
"CHD4;LPAR5","COPS7A;RP4-761J14.9"
"CHD4;LPAR5","PTMS"
"CHD4;LPAR5","LAG3;MLF2;PTMS"
"CHD4;LPAR5","CD4"
"CHD4;LPAR5","CD4;GPR162;LEPREL2"
"CHD4;LPAR5","GNB3"
"CHD4;LPAR5","CDCA3;USP5"
"CHD4;LPAR5","LRRC23;RPL13P5;SPSB2;TPI1;USP5"
"CHD4;LPAR5","ATN1;C12orf57;RNU7-1"
"CHD4;LPAR5","EMG1;MIR141;MIR200C;PHB2;PTPN6;SCARNA12;U47924.27;U47924.29"
"CHD4;LPAR5","EMG1;PHB2"
"CHD4;LPAR5","C1RL-AS1;C1RL"
"CHD4;LPAR5","CLSTN3;RBP5;RP11-273B20.1"
"MED21","SSPN"
"MED21","BHLHE41;RP11-283G6.3"
"MED21","ITPR2"
"MED21","ASUN;FGFR1OP2"
"MED21","STK38L"
"MED21","ARNTL2"
"MED21","PPFIBP1"
"MED21","CCDC91;RP11-967K21.1"
"STK38L","SSPN"
"STK38L","ASUN;FGFR1OP2"
"STK38L","RP11-421F16.3"
"STK38L","TM7SF3"
"STK38L","MED21"
"STK38L","CCDC59;METTL25"
"BIN2","LETMD1"
"DGKA;WIBG","MAP3K12"
"DGKA;WIBG","BLOC1S1;ITGA7;RP11-644F5.10"
"DGKA;WIBG","RDH5"
"DGKA;WIBG","CD63;GDF11;RDH5;RP11-644F5.11;RP11-644F5.12"
"DGKA;WIBG","ORMDL2;SARNP"
"DGKA;WIBG","DNAJC14;RP11-762I7.5;TMEM198B"
"DGKA;WIBG","MMP19"
"DGKA;WIBG","RP11-603J24.4;RPS26"
"DGKA;WIBG","ERBB3;RP11-603J24.9"
"DGKA;WIBG","PA2G4"
"DGKA;WIBG","PA2G4;RP11-603J24.17;RPL41"
"DGKA;WIBG","ESYT1;ZC3H10"
"DGKA;WIBG","RP11-603J24.6"
"DGKA;WIBG","RP11-977G19.5;SMARCC2"
"DGKA;WIBG","NABP2;RNF41"
"DGKA;WIBG","TIMELESS"
"DGKA;WIBG","BAZ2A"
"IL23A;PAN2","RP11-603J24.6"
"IL23A;PAN2","TIMELESS"
"VPS37B","C12orf65;MPHOSPH9"
"NDFIP2-AS1;NDFIP2","MYCBP2"
"NDFIP2-AS1;NDFIP2","RBM26-AS1;RBM26"
"RASA3","CDC16"
"CEBPE","SLC7A8"
"CEBPE","C14orf164"
"CEBPE","BCL2L2;HOMEZ;PPP1R3E;RP11-124D2.7"
"LRRC16B","REC8"
"CIDEB;LTB4R2;LTB4R;NOP9","DCAF11;NRL"
"CIDEB;LTB4R2;LTB4R;NOP9","IPO4;RP11-468E2.2;TM9SF1"
"CIDEB;LTB4R2;LTB4R;NOP9","TSSK4"
"CIDEB;LTB4R2;LTB4R;NOP9","CHMP4A;TM9SF1"
"CIDEB;LTB4R2;LTB4R;NOP9","AL136419.6;MDP1;NEDD8"
"CIDEB;LTB4R2;LTB4R;NOP9","GMPR2;NEDD8;NEDD8-MDP1"
"CIDEB;LTB4R2;LTB4R;NOP9","GMPR2;TINF2"
"CIDEB;LTB4R2;LTB4R;NOP9","ADCY4"
"CIDEB;LTB4R2;LTB4R;NOP9","CBLN3;KHNYN"
"CIDEB;LTB4R2;LTB4R;NOP9","CBLN3;KHNYN"
"CIDEB;LTB4R2;LTB4R;NOP9","SDR39U1"
"ARF6","AL139099.1;LRR1;RPS29"
"ARF6","MGAT2;RP11-649E7.5;RPL36AL"
"ARF6","C14orf182;RP11-58E21.3"
"ARF6","RP11-58E21.3"
"ARF6","C14orf183;RP11-58E21.5;RP11-58E21.7"
"ARF6","VCPKMT"
"ARF6","SOS2"
"ARF6","ATL1;MAP4K5"
"ARF6","NIN;RP11-286O18.1"
"ARF6","NIN"
"ARF6","PYGL;RP11-218E20.5"
"ARF6","ERO1L"
"ZBTB1;ZBTB25","PPP2R5E"
"ZBTB1;ZBTB25","ESR2;RP11-544I20.2"
"NEK9;RP11-950C14.7","TMED10"
"NEK9;RP11-950C14.7","RNU4ATAC14P"
"NEK9;RP11-950C14.7","RP11-293M10.2"
"NEK9;RP11-950C14.7","RP11-293M10.1"
"NEK9;RP11-950C14.7","FOS"
"NEK9;RP11-950C14.7","RP11-293M10.4;RP11-293M10.5"
"NEK9;RP11-950C14.7","JDP2;RP11-293M10.6"
"NEK9;RP11-950C14.7","BATF"
"NEK9;RP11-950C14.7","AC007182.6;FLVCR2"
"NEK9;RP11-950C14.7","C14orf1;TTLL5"
"GPR65","AL162311.1;RALGAPA1"
"GPR65","FBXO33"
"GPR65","FAM179B;KLHL28"
"GPR65","PCNXL4;RP11-16B13.1"
"GPR65","ERH;SLC39A9"
"GPR65","TSHR"
"GPR65","GTF2A1"
"GPR65","GALC"
"GPR65","SPATA7"
"GPR65","PTPN21"
"GPR65","ZC3H14"
"GPR65","RNU4-92P"
"GPR65","EFCAB11;RP11-33N16.3;TDP1"
"GPR65","AL512791.1"
"GPR65","CALM1"
"GPR65","OTUB2"
"GPR65","DDX24;IFI27L1"
"GLRX5;SCARNA13","DICER1-AS1;DICER1"
"GLRX5;SCARNA13","RP11-1070N10.3"
"GLRX5;SCARNA13","PAPOLA;RP11-872J21.3"
"RP11-1029J19.2;RP11-168L7.3","MEG3;RP11-123M6.2"
"RP11-1029J19.2;RP11-168L7.3","AL117190.1"
"RP11-1029J19.2;RP11-168L7.3","SNORD112;SNORD113-2"
"AMN","RCOR1"
"AMN","RP11-661D19.3;TRAF3"
"AMN","snoU13"
"AMN","AL117209.1"
"DUT;RP11-154J22.1;Y_RNA","CEP152;RP11-485O10.3"
"ANXA2","GTF2A2"
"ANXA2","BNIP2;RP11-361D15.2"
"MAP2K1;TIPIN","MIR4512;SNAPC5"
"MAP2K1;TIPIN","RPL4;SNORD16;SNORD18A;SNORD18B;SNORD18C"
"PKM","ARIH1;RP11-1007O24.2;RP11-1007O24.3"
"SEMA4B","MESP1"
"SEMA4B","NGRN"
"KAT8;RP11-196G11.4","SETD1A"
"KAT8;RP11-196G11.4","AC135048.1;HSD3B7;STX1B"
"KAT8;RP11-196G11.4","KAT8;PRSS36;PRSS8;RP11-388M20.2"
"KAT8;RP11-196G11.4","PRSS36"
"KAT8;RP11-196G11.4","FUS;RP11-388M20.6"
"KAT8;RP11-196G11.4","C16orf98;PYCARD"
"KAT8;RP11-196G11.4","RNU7-199P"
"KAT8;RP11-196G11.4","ITGAX;RP11-120K18.3"
"KAT8;RP11-196G11.4","COX6A2"
"KAT8;RP11-196G11.4","ARMC5"
"NOD2","CNEP1R1"
"NOD2","HEATR3;RP11-429P3.3"
"NOD2","PAPD5;RPL10P14;SNORA70"
"NOD2","snoU13"
"NOD2","BRD7;RP11-21B23.1"
"NOD2","SNORD112"
"NOD2","NKD1"
"NOD2","RP11-401P9.6"
"NOD2","SNX20"
"NOD2","CYLD;hsa-mir-3181;RP11-327F22.1"
"MT1H","BBS2"
"MT1H","MT3"
"MT1H","MT2A"
"MT1H","MT1A"
"MT1H","MT1X;RP11-343H19.2"
"CMTM2;RP11-403P17.2","CDH5"
"CMTM2;RP11-403P17.2","BEAN1"
"CMTM2;RP11-403P17.2","AC132186.1;BEAN1"
"CMTM2;RP11-403P17.2","CKLF-CMTM1;CKLF;TK2;Y_RNA"
"AGRP","RLTPR"
"AGRP","ACD;ENKD1;PARD6A;RLTPR"
"AGRP","C16orf86;ENKD1"
"AGRP","GFOD2"
"AGRP","CENPT;NUTF2;THAP11"
"AGRP","EDC4"
"AGRP","AC040162.1;EDC4"
"AGRP","NRN1L"
"AGRP","DUS2;RP11-67A1.2"
"CENPN;CMC2","WWOX"
"CENPN;CMC2","GAN;RP11-55K13.1"
"CENPN;CMC2","PLCG2"
"CMIP","WWOX"
"CMIP","PLCG2"
"FBXO31;MAP1LC3B","COX4I1;EMC8"
"FBXO31;MAP1LC3B","FOXC2;RP11-463O9.5"
"FBXO31;MAP1LC3B","C16orf95;RP11-178L8.7"
"FBXO31;MAP1LC3B","KLHDC4"
"FBXO31;MAP1LC3B","BANP;CA5A;CTD-3057O21.1"
"CTU2;MIR4722;PIEZO1;RNF166;RP5-1142A6.9","PIEZO1"
"CTU2;MIR4722;PIEZO1;RNF166;RP5-1142A6.9","CDH15;RP11-46C24.3"
"CTU2;MIR4722;PIEZO1;RNF166;RP5-1142A6.9","RP11-46C24.7;ZNF778"
"AC092384.1;APRT;CDT1;GALNS","PIEZO1"
"AC092384.1;APRT;CDT1;GALNS","CDH15;RP11-46C24.3"
"AC092384.1;APRT;CDT1;GALNS","RP11-46C24.7;ZNF778"
"ACSF3","PABPN1L"
"ACSF3","CBFA2T3;RP11-830F9.6;RP11-830F9.7"
"FAM101B;RP5-1029F21.3","AC108004.3;C17orf97"
"FAM101B;RP5-1029F21.3","AC108004.3"
"CRK;MYO1C","BHLHA9;TUSC5"
"CRK;MYO1C","YWHAE"
"CRK;MYO1C","INPP5K;MYO1C"
"CRK;MYO1C","INPP5K;PITPNA-AS1"
"CRK;MYO1C","PITPNA"
"CRK;MYO1C","snoU13"
"CRK;MYO1C","SLC43A2"
"CRK;MYO1C","MIR22HG;WDR81"
"CRK;MYO1C","AC130689.1;RPA1;SMYD4"
"CRK;MYO1C","HNRNPA1P16;SMG6;SRR"
"CRK;MYO1C","SNORD91A;SNORD91B"
"CRK;MYO1C","SGSM2;TSR1"
"CRK;MYO1C","AC006435.1;METTL16"
"CLUH;RP11-74E22.3","MNT"
"CLUH;RP11-74E22.3","AC006435.1;METTL16"
"ASGR2","SLC16A11"
"ASGR2","CLEC10A"
"ASGR2","ACAP1"
"ASGR2","TNFSF12;TNFSF12-TNFSF13"
"AC113189.5;CD68;EIF4A1;MPDU1;SNORA48;SNORA67;SNORD10","BCL6B"
"AC113189.5;CD68;EIF4A1;MPDU1;SNORA48;SNORA67;SNORD10","SLC16A13"
"AC113189.5;CD68;EIF4A1;MPDU1;SNORA48;SNORA67;SNORD10","ACADVL;DLG4"
"AC113189.5;CD68;EIF4A1;MPDU1;SNORA48;SNORA67;SNORD10","CTD-2545G14.7;CTDNEP1;DVL2;GABARAP;PHF23"
"AC113189.5;CD68;EIF4A1;MPDU1;SNORA48;SNORA67;SNORD10","CTDNEP1;ELP5"
"AC113189.5;CD68;EIF4A1;MPDU1;SNORA48;SNORA67;SNORD10","CLDN7;ELP5;RP1-4G17.5;Y_RNA"
"AC113189.5;CD68;EIF4A1;MPDU1;SNORA48;SNORA67;SNORD10","RP1-4G17.2;SLC2A4;YBX2"
"AC113189.5;CD68;EIF4A1;MPDU1;SNORA48;SNORA67;SNORD10","EIF5A;GPS2"
"AC113189.5;CD68;EIF4A1;MPDU1;SNORA48;SNORA67;SNORD10","GPS2;NEURL4;RP11-542C16.2"
"AC113189.5;CD68;EIF4A1;MPDU1;SNORA48;SNORA67;SNORD10","AC026954.6;NEURL4"
"AC113189.5;CD68;EIF4A1;MPDU1;SNORA48;SNORA67;SNORD10","ACAP1"
"AC113189.5;CD68;EIF4A1;MPDU1;SNORA48;SNORA67;SNORD10","ACAP1;KCTD11"
"AC113189.5;CD68;EIF4A1;MPDU1;SNORA48;SNORA67;SNORD10","C17orf61-PLSCR3;NLGN2;TMEM256;TMEM256-PLSCR3"
"AC113189.5;CD68;EIF4A1;MPDU1;SNORA48;SNORA67;SNORD10","FGF11;RP11-104H15.10;RP11-104H15.8;RP11-104H15.9;TMEM102"
"AC113189.5;CD68;EIF4A1;MPDU1;SNORA48;SNORA67;SNORD10","RP11-199F11.2;WRAP53"
"AC113189.5;CD68;EIF4A1;MPDU1;SNORA48;SNORA67;SNORD10","TP53;WRAP53"
"PIPOX","PHF12;PIPOX;SEZ6"
"SLC4A1","AC003102.3;RUNDC3A"
"SLC4A1","SLC25A39"
"ACBD4;HEXIM1;PLCD3","AC015936.3;GFAP"
"ACBD4;HEXIM1;PLCD3","CTD-2020K17.1;FMNL1"
"LRRC59","COL1A1"
"LRRC59","ACSF2;CHAD"
"LRRC59","RSAD1"
"LIMD2;MAP3K3","MAP3K3"
"EXOC7","MRPL38;RP11-552F3.12"
"EXOC7","UBALD2"
"EXOC7","QRICH2"
"EXOC7","SPHK1"
"TMC6;TMC8","MFSD11;MIR636;SRSF2"
"TMC6;TMC8","RP11-285E9.6;SEPT9"
"TMC6;TMC8","SEPT9"
"TMC6;TMC8","Y_RNA"
"TMC6;TMC8","TNRC6C"
"TMC6;TMC8","TNRC6C-AS1"
"TMC6;TMC8","C17orf99;EIF5AP2;SYNGR2"
"TMC6;TMC8","AFMID;TK1"
"TMC6;TMC8","TMEM235"
"TMC6;TMC8","RP11-806H10.4;SOCS3"
"TMC6;TMC8","PGS1"
"TMC6;TMC8","PGS1;SNORA30"
"TMC6;TMC8","RNU6-638P"
"TMC6;TMC8","USP36"
"TMC6;TMC8","CBX8;RP11-353N14.1"
"AC100791.2;RP11-353N14.2","LHX1;RP11-445F12.1"
"AC100791.2;RP11-353N14.2","HOXB8"
"AC100791.2;RP11-353N14.2","MIR3185;PRAC1;PRAC2"
"AC100791.2;RP11-353N14.2","CBX8;RP11-353N14.1"
"AC100791.2;RP11-353N14.2","RP11-1055B8.6;RP11-1055B8.7"
"AC100791.2;RP11-353N14.2","AC139149.1;ACTG1;RP13-766D20.1;RP13-766D20.2"
"BAIAP2-AS1;BAIAP2;CTD-2561B21.10","CTD-2047H16.4;ENDOV"
"BAIAP2-AS1;BAIAP2;CTD-2561B21.10","C17orf89;ENTHD2"
"CD7;SECTM1","DCXR;RP13-650J16.1"
"CD7;SECTM1","CCDC57;RP13-516M14.2;SLC16A3"
"CABYR","ANKRD29"
"LINGO3","CSNK1G2-AS1;CSNK1G2"
"LINGO3","BTBD2"
"LINGO3","MIR1227;PLEKHJ1"
"LINGO3","PLEKHJ1;SF3A2"
"LINGO3","C19orf35"
"LINGO3","LSM7;SPPL2B"
"ANKRD24;CREB3L3;SIRT6","ATCAY"
"ANKRD24;CREB3L3;SIRT6","EEF2;SNORD37"
"CTB-50L17.14;LRG1;PLIN5;RN7SL121P;SEMA6B","FSD1;TMIGD2"
"CTB-50L17.14;LRG1;PLIN5;RN7SL121P;SEMA6B","CHAF1A;SH3GL1"
"EIF3G;P2RY11;PPAN;PPAN-P2RY11;SNORD105B;SNORD105","ZNF121"
"EIF3G;P2RY11;PPAN;PPAN-P2RY11;SNORD105B;SNORD105","FBXL12;UBL5"
"EIF3G;P2RY11;PPAN;PPAN-P2RY11;SNORD105B;SNORD105","OLFM2"
"EIF3G;P2RY11;PPAN;PPAN-P2RY11;SNORD105B;SNORD105","CTD-2369P2.4;ICAM1;MRPL4"
"EIF3G;P2RY11;PPAN;PPAN-P2RY11;SNORD105B;SNORD105","CDC37;MIR1181"
"EIF3G;P2RY11;PPAN;PPAN-P2RY11;SNORD105B;SNORD105","CDC37;PDE4A"
"EIF3G;P2RY11;PPAN;PPAN-P2RY11;SNORD105B;SNORD105","KRI1"
"EIF3G;P2RY11;PPAN;PPAN-P2RY11;SNORD105B;SNORD105","LENG1;TMC4"
"CDC37;PDE4A","OLFM2"
"CDC37;PDE4A","EIF3G;P2RY11;PPAN;PPAN-P2RY11;SNORD105B;SNORD105"
"CDC37;PDE4A","EIF3G"
"CDC37;PDE4A","CTD-2369P2.4;ICAM1;MRPL4"
"CDC37;PDE4A","CTD-2369P2.8;ICAM4"
"CDC37;PDE4A","KRI1"
"CDC37;PDE4A","CDKN2D"
"CDC37;PDE4A","ILF3-AS1;ILF3"
"ATG4D","S1PR5"
"ATG4D","ILF3-AS1;ILF3"
"ACP5","SPC24"
"ACP5","DOCK6;KANK2"
"ACP5","TSPAN16"
"ACP5","ZNF491"
"ACP5","CTD-2265O21.7;DNASE2"
"IL12RB1;MAST3","MPV17L2"
"IL12RB1;MAST3","PDE4C"
"IL12RB1;MAST3","LSM4"
"IFI30","MPV17L2"
"IFI30","PDE4C"
"IFI30","KIAA1683"
"IFI30","LSM4"
"AC002115.9;HAUS5","FXYD3"
"AC002115.9;HAUS5","AD000684.2;LSR;USF2"
"AC002115.9;HAUS5","SBSN"
"AC002115.9;HAUS5","ATP4A"
"AC002115.9;HAUS5","ZBTB32"
"AC002115.9;HAUS5","KMT2B"
"AC002115.9;HAUS5","PRODH2"
"AC002115.9;HAUS5","NPHS1"
"AC002115.9;HAUS5","KIRREL2"
"AC002115.9;HAUS5","SDHAF1"
"HCST;NFKBID","KMT2B"
"HCST;NFKBID","LRFN3"
"HCST;NFKBID","SDHAF1"
"HCST;NFKBID","ZNF146;ZNF565"
"HCST;NFKBID","VRK3;ZNF473"
"HCST;NFKBID","LENG8-AS1;LENG8"
"MEIS3;SLC8A2","EHD2"
"MEIS3;SLC8A2","GLTSCR2;SNORD23"
"SIGLEC18P;SIGLEC9","SDHAF1"
"SIGLEC18P;SIGLEC9","YIF1B"
"SIGLEC18P;SIGLEC9","ZNF575"
"SIGLEC18P;SIGLEC9","ZNF428"
"SIGLEC18P;SIGLEC9","snoZ6"
"SIGLEC18P;SIGLEC9","CLPTM1;CTB-129P6.11"
"SIGLEC18P;SIGLEC9","IRF2BP1"
"SIGLEC18P;SIGLEC9","PNKP"
"SIGLEC18P;SIGLEC9","U3"
"SIGLEC18P;SIGLEC9","VRK3;ZNF473"
"SIGLEC18P;SIGLEC9","KCNC3"
"SIGLEC18P;SIGLEC9","CTB-191K22.6;NAPSA;NR1H2"
"SIGLEC18P;SIGLEC9","CTD-2545M3.2;CTD-2545M3.8;JOSD2"
"SIGLEC18P;SIGLEC9","ASPDH"
"SIGLEC18P;SIGLEC9","CLEC11A"
"SIGLEC18P;SIGLEC9","SNORD88A;SNORD88B"
"SIGLEC18P;SIGLEC9","C19orf48;SNORD88C"
"SIGLEC18P;SIGLEC9","AC011523.2;CTD-2568A17.5;KLK15;KLK1"
"SIGLEC18P;SIGLEC9","AC037199.1;KLK2"
"SIGLEC18P;SIGLEC9","KLK4"
"SIGLEC18P;SIGLEC9","CTB-147C22.9;KLK6"
"SIGLEC18P;SIGLEC9","KLK10;KLK11"
"SIGLEC18P;SIGLEC9","KLK11"
"SIGLEC18P;SIGLEC9","KLK13"
"SIGLEC18P;SIGLEC9","KLK14"
"SIGLEC18P;SIGLEC9","CTU1"
"SIGLEC18P;SIGLEC9","SIGLEC17P"
"SIGLEC18P;SIGLEC9","SIGLECL1"
"SIGLEC18P;SIGLEC9","VSIG10L"
"SIGLEC18P;SIGLEC9","CTD-3073N11.5;SIGLEC8"
"SIGLEC18P;SIGLEC9","CEACAM18"
"SIGLEC18P;SIGLEC9","CTD-3073N11.7;SIGLEC12;SIGLEC27P"
"SIGLEC18P;SIGLEC9","SIGLEC29P;ZNF175"
"SIGLEC18P;SIGLEC9","AC018755.16;AC018755.1"
"SIGLEC18P;SIGLEC9","RPL7P51;SIGLEC14;SIGLEC5"
"SIGLEC18P;SIGLEC9","AC018755.2;MIR125A;MIR99B;MIRLET7E;SPACA6P-AS;SPACA6P"
"SIGLEC18P;SIGLEC9","HAS1"
"SIGLEC18P;SIGLEC9","FPR1;FPR2"
"SIGLEC18P;SIGLEC9","FPR3"
"SIGLEC18P;SIGLEC9","ZNF615"
"SIGLEC18P;SIGLEC9","DPRX;RN7SL317P"
"SIGLEC18P;SIGLEC9","LENG1;TMC4"
"SIGLEC18P;SIGLEC9","MBOAT7;TSEN34"
"SIGLEC18P;SIGLEC9","AC012314.20;RPS9"
"SIGLEC18P;SIGLEC9","LENG8-AS1;LENG8"
"SIGLEC18P;SIGLEC9","EPS8L1;RDH13"
"SIGLEC18P;SIGLEC9","PPP1R12C"
"SIGLEC18P;SIGLEC9","BRSK1"
"SIGLEC18P;SIGLEC9","RPL28;TMEM238"
"SIGLEC18P;SIGLEC9","FIZ1;ZNF524"
"SIGLEC18P;SIGLEC9","AC024580.1;ZNF444"
"KIR3DX1","AC037199.1;KLK2"
"KIR3DX1","KLK11"
"KIR3DX1","SIGLECL1"
"KIR3DX1","EPS8L1;RDH13"
"SYT5","BRSK1"
"SYT5","RPL28;TMEM238"
"SYT5","UBE2S"
"SYT5","CTD-2537I9.16;ZNF628"
"SYT5","NAT14;SSC5D"
"CCDC106;U2AF2","LENG1;TMC4"
"CCDC106;U2AF2","MBOAT7;TSEN34"
"CCDC106;U2AF2","AC012314.20;RPS9"
"CCDC106;U2AF2","LENG8-AS1;LENG8"
"CCDC106;U2AF2","CTC-550B14.6;GP6;RDH13"
"CCDC106;U2AF2","EPS8L1;RDH13"
"CCDC106;U2AF2","PPP1R12C"
"CCDC106;U2AF2","TNNT1"
"CCDC106;U2AF2","CTD-2587H24.4;CTD-2587H24.5;DNAAF3;snoU13;TNNI3"
"CCDC106;U2AF2","SYT5"
"CCDC106;U2AF2","AC010327.2;TMEM86B"
"CCDC106;U2AF2","BRSK1;HSPBP1;PPP6R1"
"CCDC106;U2AF2","BRSK1"
"CCDC106;U2AF2","RPL28;TMEM238"
"CCDC106;U2AF2","UBE2S"
"CCDC106;U2AF2","CTD-2537I9.16;ZNF628"
"CCDC106;U2AF2","NAT14;SSC5D"
"PDIA6;RNU7-176P","AC062028.1;C2orf50"
"PDIA6;RNU7-176P","AC099344.1;E2F6"
"MFSD2B","ATAD2B;UBXN2A"
"CCDC121;GPN1","EIF2B4;SNX17"
"CCDC121;GPN1","IFT172;KRTCAP3;NRBP1"
"CCDC121;GPN1","RNU6-986P"
"CCDC121;GPN1","IFT172"
"CCDC121;GPN1","FNDC4"
"CCDC121;GPN1","GCKR"
"CCDC121;GPN1","UGGT1"
"CCDC121;GPN1","RNF25;STK36"
"BRE;RBKS;RP11-674I16.1","AC104695.3;FOSL2;RP11-373D23.2"
"AC073046.25;DGUOK-AS1;RP11-711M9.1","ALMS1"
"AC073046.25;DGUOK-AS1;RP11-711M9.1","STAMBP"
"AC073046.25;DGUOK-AS1;RP11-711M9.1","ACTG2"
"AC073046.25;DGUOK-AS1;RP11-711M9.1","DGUOK"
"AC073046.25;DGUOK-AS1;RP11-711M9.1","TET3"
"AC073046.25;DGUOK-AS1;RP11-711M9.1","MGC10955"
"AC073046.25;DGUOK-AS1;RP11-711M9.1","BOLA3-AS1;BOLA3"
"AC073046.25;DGUOK-AS1;RP11-711M9.1","MOB1A"
"AC073046.25;DGUOK-AS1;RP11-711M9.1","MTHFD2"
"AC073046.25;DGUOK-AS1;RP11-711M9.1","SLC4A5"
"AC073046.25;DGUOK-AS1;RP11-711M9.1","DCTN1"
"AC073046.25;DGUOK-AS1;RP11-711M9.1","C2orf81;RTKN;WDR54"
"AC073046.25;DGUOK-AS1;RP11-711M9.1","RTKN"
"AC073046.25;DGUOK-AS1;RP11-711M9.1","WBP1"
"AC073046.25;DGUOK-AS1;RP11-711M9.1","MOGS;MRPL53;WBP1"
"AC073046.25;DGUOK-AS1;RP11-711M9.1","PCGF1"
"AC073046.25;DGUOK-AS1;RP11-711M9.1","AUP1;DQX1"
"AC073046.25;DGUOK-AS1;RP11-711M9.1","AUP1;HTRA2"
"AC073046.25;DGUOK-AS1;RP11-711M9.1","DOK1;LOXL3"
"AC073046.25;DGUOK-AS1;RP11-711M9.1","LOXL3"
"LOXL3","RP11-434P11.2;TPRKB"
"LOXL3","STAMBP"
"LOXL3","CCDC142;TTC31"
"NCK2","AC012360.4;C2orf49;RP11-332H14.2;TGFBRAP1"
"NCK2","AC012360.6"
"NCK2","AC009505.2"
"NCK2","C2orf40"
"NCK2","AC018878.3"
"NCK2","UXS1"
"NCK2","AC096670.3;BCL2L11"
"MARCO","C1QL2"
"MARCO","STEAP3"
"MARCO","C2orf76;DBI"
"MARCO","TMEM37"
"ERCC3","MIR4783;PROC"
"ERCC3","AC010976.2"
"ERCC3","IWS1"
"ERCC3","UGGT1"
"RBM43","ACVR2A"
"RBM43","MBD5;ORC4"
"RBM43","EPC2"
"RBM43","AC105402.1;AC105402.4"
"RBM43","LYPD6B"
"RBM43","AC144449.1"
"RBM43","MMADHC"
"RBM43","RNU6-601P"
"RBM43","NMI"
"RBM43","ARL5A"
"RBM43","STAM2"
"RBM43","ARL6IP6;PRPF40A"
"PLEKHM3","EEF1B2;NDUFS1"
"PLEKHM3","DYTN"
"PLEKHM3","FASTKD2;MDH1B"
"PLEKHM3","AC007879.5;CREB1"
"PLEKHM3","METTL21A"
"PLEKHM3","PPP1R14BP2;RNU6-664P;Y_RNA"
"PLEKHM3","CCNYL1"
"PLEKHM3","FZD5"
"AC012362.3;PTH2R","AC007383.4;GCSHP3"
"AC012362.3;PTH2R","EEF1B2;NDUFS1"
"AC012362.3;PTH2R","AC010731.3;AC010731.4"
"AC012362.3;PTH2R","FASTKD2;MDH1B"
"AC012362.3;PTH2R","MAP2"
"AC012362.3;PTH2R","RPE"
"AC012362.3;PTH2R","AC007038.7"
"AC012362.3;PTH2R","AC006994.2;AC006994.3;KANSL1L"
"PECR;TMEM169","NOP58;SNORD70"
"PECR;TMEM169","AC079610.2;SPAG16"
"PECR;TMEM169","AC072062.1;BARD1"
"PECR;TMEM169","ATIC"
"PECR;TMEM169","MREG"
"PECR;TMEM169","XRCC5"
"PECR;TMEM169","AC098820.2;SMARCAL1"
"PECR;TMEM169","AC098820.3;RPL37A"
"PECR;TMEM169","CNPPD1;FAM134A"
"PECR;TMEM169","DNAJB2;MIR153-1;PTPRN;TUBA4A;TUBA4B"
"PECR;TMEM169","AC114803.3;PTPRN"
"PECR;TMEM169","NCL;SNORD82"
"CXCR1","CXCR2"
"SP110;SP140","SP100"
"SP110;SP140","RNU6-451P"
"SP110;SP140","CAB39"
"SP110;SP140","RNU6-268P"
"SP110;SP140","NCL;SNORD82"
"AC012507.4","SPATA3-AS1;SPATA3"
"ESPNL","RAMP1"
"C20orf112;RP11-410N8.1;RP11-410N8.4","MYLK2"
"SLA2","AAR2"
"SLA2","AL132768.1;NDRG3"
"SLA2","SOGA1"
"RBM38;RP4-800J21.3","AURKA;CSTF1"
"RBM38;RP4-800J21.3","ZBP1"
"RBM38;RP4-800J21.3","ANKRD60"
"RBM38;RP4-800J21.3","PPP4R1L;RAB22A"
"RBM38;RP4-800J21.3","STX16;STX16-NPEPL1"
"HELZ2","DNAJC5"
"HELZ2","MIR647;UCKL1"
"HELZ2","AL118506.1;UCKL1"
"HELZ2","PRPF6;SAMD10;ZNF512B"
"CTD-3184A7.4;GMEB2;RTEL1;RTEL1-TNFRSF6B;STMN3","DNAJC5"
"CCT8;MAP3K7CL","MIR155HG"
"CCT8;MAP3K7CL","MRPL39"
"CCT8;MAP3K7CL","JAM2"
"CCT8;MAP3K7CL","ATP5J;GABPA"
"CCT8;MAP3K7CL","LTN1"
"CCT8;MAP3K7CL","BACH1-AS1;BACH1-IT2"
"HMGN1","ETS2"
"HMGN1","AF129408.17;PSMG1"
"HMGN1","BRWD1-IT2"
"HMGN1","BRWD1-AS1"
"HMGN1","BRWD1"
"HMGN1","snoU13"
"HMGN1","RNF6P1;WRB"
"HMGN1","LCA5L;SH3BGR"
"C21orf33","ICOSLG"
"C21orf33","AP001059.5;DNMT3L"
"C21orf33","AP001062.9;C21orf2"
"ITGB2-AS1;ITGB2;LL21NC02-1C16.1;LL21NC02-1C16.2","TSPEAR-AS1"
"RP6-109B7.4","TRMU"
"BRD1;RP11-494O16.3;RP3-522J7.6;ZBED4","ALG12;CRELD2"
"BRD1;RP11-494O16.3;RP3-522J7.6;ZBED4","MLC1"
"IL17RE;JAGN1","CIDEC"
"IL17RE;JAGN1","GHRLOS;LINC00852"
"IL17RE;JAGN1","GHRL;GHRLOS"
"IL17RE;JAGN1","SEC13"
"VILL","AC093415.2;CTDSPL"
"VILL","EXOG"
"PPM1M","CYB561D2;NPRL2"
"PPM1M","CYB561D2;NPRL2;XXcos-LUCA11.5"
"PPM1M","ABHD14B;ACY1"
"PPM1M","RPL29"
"PPM1M","DUSP7"
"PPM1M","TLR9;TWF2"
"PPM1M","MIRLET7G;WDR82"
"PPM1M","GLYCTK;MIR135A1;WDR82"
"PPM1M","BAP1;PHF7"
"PPM1M","SEMA3G"
"MINA","PROS1"
"MINA","ARL13B;RNU6-511P"
"MINA","DHFRL1;NSUN3"
"MINA","RNU7-108P"
"MINA","ARL6"
"MINA","CRYBG3"
"MINA","CRYBG3"
"MINA","CLDND1;RP11-227H4.5"
"MINA","GPR15"
"MINA","CPOX"
"MINA","CTD-2021J15.1;DCBLD2"
"MINA","CMSS1"
"MINA","TBC1D23"
"MINA","LNP1;TOMM70A"
"MINA","SENP7"
"GPR128","CLDND1;RP11-227H4.5"
"GPR128","CMSS1"
"CD96","U3"
"CD96","PVRL3-AS1;PVRL3"
"CD96","PVRL3-AS1;PVRL3"
"RNF13","DHFRL1;NSUN3"
"RNF13","ZBTB20"
"RNF13","RP11-680B3.2"
"RNF13","GYG1"
"RNF13","HLTF-AS1;HLTF"
"RNF13","HPS3"
"RNF13","TM4SF1-AS1;TM4SF1"
"RNF13","RNU6-1098P"
"RNF13","COMMD2"
"RNF13","AC117395.1;ANKUB1;PFN2;RP11-651P23.5"
"RNF13","TSC22D2"
"RNF13","EIF2A;SERP1"
"RNF13","SELT;SERP1"
"RNF13","SIAH2-AS1;SIAH2"
"RNF13","MED12L"
"RNF13","CCNL1;KRT18P34;RP11-555M1.3"
"RNF13","PDCD10;SERPINI1"
"MAP6D1","MCF2L2"
"EEF1A1P8;HTR3D","VWA5B2"
"EEF1A1P8;HTR3D","ALG3;MIR1224;VWA5B2"
"EEF1A1P8;HTR3D","ALG3;ECE2"
"EEF1A1P8;HTR3D","CAMK2N2"
"EIF4G1","SEC61A1"
"RNU6-910P;TM4SF19","RNF168"
"RNU6-910P;TM4SF19","SMCO1"
"MFSD10;NOP14-AS1","MXD4"
"MFSD10;NOP14-AS1","TNIP2"
"MFSD10;NOP14-AS1","ADD1"
"AC093323.1;RP11-539L10.2;S100P","MRFAP1"
"AC093323.1;RP11-539L10.2;S100P","RP11-539L10.3"
"AC093323.1;RP11-539L10.2;S100P","TBC1D14"
"AC093323.1;RP11-539L10.2;S100P","CCDC96;TADA2B"
"AC093323.1;RP11-539L10.2;S100P","GRPEL1"
"SOD3","CCDC149"
"TMPRSS11D","CENPC"
"TMPRSS11D","YTHDC1"
"KLHL8","MAPK10;PTPN13"
"KLHL8","AFF1;C4orf36"
"KLHL8","HSD17B11"
"KLHL8","NUDT9"
"KLHL8","FAM13A;RP11-84C13.1;TIGD2"
"KLHL8","PAPSS1"
"FAM13A;RP11-84C13.1;TIGD2","RP11-363G15.2;SMARCAD1"
"FAM13A;RP11-84C13.1;TIGD2","PAPSS1"
"RP11-284M14.1;USP38","COX18"
"RP11-284M14.1;USP38","THAP6"
"RP11-284M14.1;USP38","PGRMC2"
"RP11-284M14.1;USP38","JADE1"
"RP11-284M14.1;USP38","C4orf33;SCLT1"
"RP11-284M14.1;USP38","NAA15;NDUFC1"
"RP11-284M14.1;USP38","MAML3"
"RP11-284M14.1;USP38","RNF150"
"RP11-284M14.1;USP38","ZNF330"
"RP11-284M14.1;USP38","snoU13"
"RP11-284M14.1;USP38","IL15"
"RP11-284M14.1;USP38","INPP4B"
"RP11-284M14.1;USP38","AC097658.1;GAB1"
"RP11-284M14.1;USP38","SMARCA5-AS1;SMARCA5"
"RP11-284M14.1;USP38","ABCE1;ANAPC10"
"RP11-284M14.1;USP38","OTUD4"
"RP11-284M14.1;USP38","MMAA"
"RP11-284M14.1;USP38","LSM6"
"RP11-284M14.1;USP38","RP11-425A23.1;TMEM184C"
"RP11-284M14.1;USP38","RPS3A"
"RP11-284M14.1;USP38","PLRG1"
"RP11-284M14.1;USP38","DDX60"
"KIAA0922","TRIM2"
"KIAA0922","MND1"
"KIAA0922","RNF175"
"CTC-436P18.1;SMIM15","ZSWIM6"
"CTC-436P18.1;SMIM15","C5orf64"
"CTC-436P18.1;SMIM15","RNU6-913P"
"GLRX","RFESD"
"DOK3;PDLIM7;RP11-1334A24.6","NSD1"
"DOK3;PDLIM7;RP11-1334A24.6","PRELID1;RAB24"
"DOK3;PDLIM7;RP11-1334A24.6","MXD3"
"DOK3;PDLIM7;RP11-1334A24.6","LMAN2;RGS14"
"DOK3;PDLIM7;RP11-1334A24.6","SLC34A1"
"DOK3;PDLIM7;RP11-1334A24.6","F12;GRK6;PFN3"
"DOK3;PDLIM7;RP11-1334A24.6","DBN1"
"DOK3;PDLIM7;RP11-1334A24.6","DDX41"
"DOK3;PDLIM7;RP11-1334A24.6","TMED9"
"DOK3;PDLIM7;RP11-1334A24.6","RMND5B"
"CTC-338M12.4;GNB2L1;SNORD95;SNORD96A","MGAT1"
"CTC-338M12.4;GNB2L1;SNORD95;SNORD96A","CTC-338M12.6;TRIM7"
"CTC-338M12.4;GNB2L1;SNORD95;SNORD96A","CTC-338M12.7;MIR4638;TRIM41"
"OR2B2","HIST1H4C"
"OR2B2","HIST1H2BE;LARP1P1"
"OR2B2","HIST1H2APS4;HIST1H2BI;HIST1H3G"
"OR2B2","RNU2-62P"
"OR2B2","HIST1H2AH;HIST1H2BK;MIR3143"
"OR2B2","PRSS16"
"OR2B2","POM121L2"
"OR2B2","ZNF184"
"OR2B2","RNU6-471P"
"OR2B2","RP1-313I6.12;ZNF165"
"OR2B2","ZSCAN16"
"OR2B2","ZKSCAN3;ZSCAN31"
"OR2B2","ZSCAN12"
"OR2B2","RNU2-45P"
"OR2B2","GPX5"
"OR2B2","HCG15;HCG16"
"TRIM10;TRIM15","ZNRD1-AS1;ZNRD1"
"TRIM10;TRIM15","PPP1R11"
"TRIM10;TRIM15","TRIM31-AS1;TRIM31"
"NRM;PPP1R18","XXbac-BPG249D20.9"
"NRM;PPP1R18","MDC1"
"NRM;PPP1R18","TUBB;XXbac-BPG252P9.9"
"NRM;PPP1R18","DDR1-AS1;DDR1"
"NRM;PPP1R18","DDX39B-AS1;DDX39B"
"LTA;TNF","DDX39B-AS1;DDX39B"
"LTA;TNF","LTB"
"LTA;TNF","MSH5;MSH5-SAPCD1;RNU6-850P"
"LTA;TNF","VARS;VWA7;Y_RNA"
"LTA;TNF","LSM2"
"LTA;TNF","HSPA1A;HSPA1L"
"LTA;TNF","C6orf48;HSPA1B;SNORD48"
"LTA;TNF","C6orf48;SNORD52"
"LTA;TNF","NEU1"
"LTA;TNF","MIR1236"
"C2;EHMT2;ZBTB12","MCCD1;RPL15P4"
"C2;EHMT2;ZBTB12","DDX39B;SNORD117"
"C2;EHMT2;ZBTB12","DDX39B-AS1;DDX39B"
"C2;EHMT2;ZBTB12","CSNK2B-LY6G5B-1181;LY6G5B"
"C2;EHMT2;ZBTB12","MIR1236"
"C4B-AS1;C4B;CYP21A2;TNXB","DPCR1"
"C4B-AS1;C4B;CYP21A2;TNXB","HCG21"
"C4B-AS1;C4B;CYP21A2;TNXB","C2;CFB"
"C4B-AS1;C4B;CYP21A2;TNXB","C4A;STK19"
"C4B-AS1;C4B;CYP21A2;TNXB","ATF6B;TNXB"
"C4B-AS1;C4B;CYP21A2;TNXB","AGPAT1;RNF5"
"C4B-AS1;C4B;CYP21A2;TNXB","HLA-DOB"
"C4B-AS1;C4B;CYP21A2;TNXB","HLA-DPA1;HLA-DPB1;RPL32P1"
"C6orf1;HMGA1","KIFC1"
"C6orf1;HMGA1","ZBTB9"
"C6orf1;HMGA1","BAK1"
"C6orf1;HMGA1","ITPR3"
"C6orf1;HMGA1","UQCC2"
"C6orf1;HMGA1","IP6K3"
"C6orf1;HMGA1","LEMD2"
"C6orf1;HMGA1","NUDT3"
"C6orf1;HMGA1","BX255972.1;PACSIN1"
"C6orf1;HMGA1","SPDEF"
"C6orf1;HMGA1","snoU13"
"C6orf1;HMGA1","C6orf106;RN7SL200P;RP11-140K17.3;RP3-391O22.1;snoU13"
"C6orf1;HMGA1","ANKS1A;TAF11"
"C6orf1;HMGA1","TCP11"
"C6orf1;HMGA1","ZNF76"
"CCND3;TAF8","FRS3;PRICKLE4"
"CCND3;TAF8","FRS3;TOMM6"
"CCND3;TAF8","SNORA8"
"CCND3;TAF8","USP49"
"CCND3;TAF8","BYSL;MED20;Y_RNA"
"CCND3;TAF8","UBR2"
"ZC3H12D","UST"
"ZC3H12D","RP11-162J8.2"
"ZC3H12D","RP11-162J8.3"
"ZC3H12D","RP1-111D6.2"
"ZC3H12D","PPIL4;RNU7-3P"
"ZC3H12D","PPIL4"
"C6orf99","PPIL4"
"C6orf99","TFB1M"
"C6orf99","ZDHHC14"
"C6orf99","RP11-52J3.3"
"C6orf99","RP11-52J3.2"
"C6orf99","SYNJ2"
"C6orf99","AL590703.1;GTF2H5;SERAC1"
"C6orf99","TULP4"
"C6orf99","RP11-732M18.2"
"C6orf99","AL591025.1;TATDN2P2"
"C6orf99","DYNLT1;SYTL3"
"C6orf99","RNU6-293P;yR211F11.2"
"C6orf99","RP1-111C20.4;RSPH3"
"C6orf99","TAGAP"
"C6orf99","FNDC1;RP11-13P5.2"
"C6orf99","ACAT2"
"C6orf99","ACAT2;SOD2"
"C6orf99","SNORA29;TCP1"
"C6orf99","MRPL18;TCP1"
"C6orf99","MAP3K4;RP3-428L16.2"
"C6orf99","CAHM;QKI"
"MIR550A1;ZNRF2","AC007285.6;SCRN1"
"MIR550A1;ZNRF2","FKBP14;PLEKHA8"
"MIR550A1;ZNRF2","AC007285.7"
"MIR550A1;ZNRF2","NOD1"
"MIR550A1;ZNRF2","GGCT"
"MIR550A1;ZNRF2","AC005154.6"
"MIR550A1;ZNRF2","AC005154.6;GARS"
"MIR550A1;ZNRF2","FAM188B"
"GTF2I","GTF2IRD1"
"BUD31;PDAP1","TMEM130"
"BUD31;PDAP1","AC004893.11"
"BUD31;PDAP1","ARPC1B"
"BUD31;PDAP1","ZKSCAN5;ZNF394"
"BUD31;PDAP1","ZSCAN21"
"BUD31;PDAP1","COPS6;MIR106B;MIR25;MIR93"
"BUD31;PDAP1","AP4M1;MCM7"
"BUD31;PDAP1","GPC2;STAG3"
"BUD31;PDAP1","MEPCE;ZCWPW1"
"LRRC17","RNU6-1136P"
"PNOC;RP11-380I10.4","NUGGC"
"PNOC;RP11-380I10.4","ELP3"
"SNORA1","TGS1;TMEM68"
"SNORA1","LYN"
"SNORA1","SNORD54"
"SNORA1","CTA-397H3.3;RPS20"
"SNORA1","CHCHD7;PLAG1"
"RP11-159H10.3;SLCO5A1","RP11-102F4.2"
"RP11-159H10.3;SLCO5A1","LACTB2;XKR9"
"RP11-159H10.3;SLCO5A1","AC104012.1"
"MIR1208","CASC11;MYC"
"FAM49B","KIAA0196;NSMCE2"
"FAM49B","FAM84B;RP11-89K10.1"
"FAM49B","CASC11;MYC"
"FAM49B","RP11-473O4.5"
"FAM49B","SNORA25"
"FAM49B","RNU7-181P"
"FAM49B","RNU6-1255P"
"TMEM71","NDRG1"
"TMEM71","ZFAT"
"TRAPPC9","INTS10"
"TRAPPC9","CHRAC1;CTA-204B4.2"
"TRAPPC9","AGO2"
"TRAPPC9","DENND3;RP11-809O17.1"
"TRAPPC9","SLC45A4"
"GSDMD;MROH6;RP11-661A12.9","FAM83H-AS1;FAM83H;MIR4664"
"GSDMD;MROH6;RP11-661A12.9","MIR937;PUF60;RP11-429J17.8;SCRIB"
"GSDMD;MROH6;RP11-661A12.9","PUF60"
"GSDMD;MROH6;RP11-661A12.9","NRBP2"
"GSDMD;MROH6;RP11-661A12.9","PARP10;SPATC1"
"GSDMD;MROH6;RP11-661A12.9","CTD-3065J16.9;EXOSC4"
"GSDMD;MROH6;RP11-661A12.9","BOP1;HSF1"
"ANP32B;RP11-535C21.3","KRT18P13;XPA"
"ANP32B;RP11-535C21.3","C9orf156;Y_RNA"
"ANP32B;RP11-535C21.3","TBC1D2"
"PPP3R2","GRIN3A"
"PPP3R2","OR13C9"
"PPP3R2","OR13D1"
"PPP3R2","NIPSNAP3A"
"PPP3R2","NIPSNAP3B"
"AK8;C9orf9","MED27"
"BTK;RPL36A;RPL36A-HNRNPH2","CSTF2;SNORA9"
"BTK;RPL36A;RPL36A-HNRNPH2","ARMCX6"
"BTK;RPL36A;RPL36A-HNRNPH2","ARMCX3-AS1;ARMCX3"
"BTK;RPL36A;RPL36A-HNRNPH2","RNU6-30P;RP4-545K15.5"
"BTK;RPL36A;RPL36A-HNRNPH2","ZMAT1"
"BTK;RPL36A;RPL36A-HNRNPH2","SLC25A53"
"BTK;RPL36A;RPL36A-HNRNPH2","FAM199X"
